Aa;238
Aabel;257
Aaberg;368
Aaby;265
Aabø;239
Aadland;527
Aae;.
Aaen;.
Aagaard;340
Aagesen;273
Aakervik;207
Aakre;892
Aakvik;341
Aaland;327
Aalberg;506
Aalvik;231
Aam;248
Aamodt;1 951
Aamot;353
Aandahl;202
Aandal;247
Aanensen;489
Aanerud;260
Aanes;408
Aanestad;421
Aanonsen;584
Aanstad;239
Aardal;517
Aarflot;250
Aarhus;448
Aarland;214
Aarnes;631
Aarrestad;296
Aarsand;218
Aarseth;931
Aarskog;364
Aarsland;365
Aarstad;605
Aarum;278
Aarvik;561
Aarø;392
Aas;5 657
Aasberg;253
Aasbø;506
Aase;2 502
Aasebø;391
Aasen;4 400
Aaserud;648
Aaseth;222
Aasgaard;472
Aasheim;1 611
Aasland;1 024
Aaslund;301
Aass;521
Abbas;792
Abdalla;262
Abdallah;285
Abdi;2 145
Abdirahman;281
Abdo;227
Abdulla;213
Abdullah;841
Abdullahi;915
Abdulle;368
Abelsen;652
Abraha;348
Abraham;503
Abrahamsen;3 791
Abukar;341
Adam;676
Adan;485
Aden;398
Adolfsen;879
Afzal;383
Aga;768
Aglen;267
Ahmad;2 317
Ahmadi;970
Ahmadzai;306
Ahmed;6 178
Akbari;305
Aker;362
Akhtar;965
Akram;394
Aksdal;319
Akselsen;927
Aksnes;961
Alahmad;429
Alali;416
Albertsen;705
Albrigtsen;704
Aleksandersen;440
Alexandersen;544
Alfheim;334
Alfredsen;425
Alfsen;400
Algrøy;314
Alhasan;290
Alhussein;242
Ali;7 595
Allum;206
Alm;550
Almaas;235
Alme;656
Almli;332
Almås;1 043
Alnes;636
Alnæs;232
Alsaker;550
Alsos;.
Alstad;1 021
Alsvik;268
Alver;243
Alvestad;910
Alvheim;307
Alvær;216
Amble;237
Amdahl;222
Amdal;789
Amdam;211
Amin;584
Amini;251
Amiri;410
Amlie;217
Amundsen;7 004
Anda;407
Andersen;34 659
Anderson;692
Anderssen;797
Andersson;2 530
Andorsen;203
Andreassen;11 444
Andresen;5 956
Andvik;249
Anfinsen;322
Angell;773
Angelsen;451
Angeltveit;353
Angvik;245
Anthonsen;336
Anti;286
Antonsen;4 938
Anwar;451
Apeland;530
Araya;442
Arctander;246
Arif;287
Arneberg;380
Arnesen;4 966
Arnestad;336
Arnevik;213
Arntsen;1 933
Arntzen;1 991
Arnøy;384
Aronsen;1 225
Arshad;312
Arslan;240
Arvesen;478
Asbjørnsen;863
Asghar;275
Asheim;439
Ashraf;441
Ask;1 334
Aske;520
Askeland;1 201
Askevold;204
Askildsen;256
Askim;298
Askvik;309
Aslaksen;993
Aslam;461
Asp;278
Aspaas;307
Aspelund;500
Aspen;489
Aspenes;299
Asphaug;374
Astrup;357
Auestad;593
Augestad;330
Aukland;248
Aulie;372
Aunan;326
Aune;4 137
Aurdal;272
Aure;459
Aurstad;263
Ausland;396
Austad;1 157
Austbø;361
Austnes;301
Austrheim;425
Awad;210
Axelsen;408
Aziz;588
Azizi;321
Baardsen;471
Bach;510
Backe;272
Bakk;320
Bakka;477
Bakkan;212
Bakke;6 712
Bakkehaug;280
Bakkejord;237
Bakkeli;201
Bakkelund;212
Bakken;7 539
Bakker;304
Bakkerud;287
Bakketun;230
Bakstad;.
Ballestad;245
Balstad;271
Baltzersen;312
Bang;1 298
Baran;212
Barka;245
Barmen;217
Barstad;1 104
Barth;345
Bartnes;259
Bashir;483
Bastiansen;260
Bauer;289
Bauge;609
Baumann;308
Baustad;217
Bay;237
Bech;676
Beck;792
Becker;296
Begum;654
Bekkelund;729
Bekken;1 069
Bekkevold;1 197
Bell;304
Belsvik;258
Bendiksen;1 505
Bendixen;321
Bengtsson;233
Benjaminsen;1 163
Benonisen;222
Bentsen;1 078
Bentzen;810
Berdal;414
Berentsen;696
Berg;17 427
Bergan;1 284
Berge;6 862
Bergem;345
Bergene;448
Berger;2 188
Bergersen;1 526
Bergerud;457
Bergesen;690
Berget;1 858
Berggren;351
Bergh;1 012
Bergheim;1 011
Bergland;517
Bergli;973
Berglund;1 273
Bergman;378
Bergmann;619
Bergo;292
Bergquist;286
Bergseng;253
Bergset;306
Bergseth;562
Bergstrøm;822
Bergsvik;210
Bergtun;237
Bergum;951
Berhane;445
Berhe;494
Berisha;599
Berland;589
Bernhardsen;536
Berntsen;5 264
Berntzen;963
Berre;320
Berstad;321
Bertelsen;1 065
Berthelsen;481
Bertheussen;671
Betten;335
Beyene;275
Beyer;212
Bhatti;355
Bibi;411
Bilstad;269
Birkedal;304
Birkeland;4 741
Birkeli;230
Birkelund;695
Birkenes;381
Bjelland;1 739
Bjerga;448
Bjerk;375
Bjerkan;824
Bjerke;3 578
Bjerkeli;323
Bjerkelund;329
Bjerkestrand;388
Bjerkli;291
Bjerknes;926
Bjerkvik;207
Bjerkås;323
Bjordal;687
Bjorland;.
Bjorøy;264
Bjune;282
Bjønnes;289
Bjønness;213
Bjørdal;581
Bjørgan;455
Bjørge;1 272
Bjørgen;398
Bjørgo;284
Bjørgum;463
Bjørheim;309
Bjørk;481
Bjørke;775
Bjørkedal;342
Bjørkhaug;400
Bjørkheim;219
Bjørkli;564
Bjørklund;1 254
Bjørkmo;250
Bjørkum;205
Bjørkås;332
Bjørlo;314
Bjørn;329
Bjørndal;929
Bjørndalen;321
Bjørnerud;477
Bjørnes;.
Bjørnestad;485
Bjørnevik;358
Bjørnsen;1 440
Bjørnstad;3 047
Bjørnø;254
Bjørnøy;229
Bjørnå;310
Bjørseth;370
Bjørsvik;543
Bjørvik;509
Blakstad;402
Blindheim;1 038
Blix;717
Blom;984
Blomberg;315
Blomvik;.
Blystad;291
Bodin;218
Boge;603
Bogen;635
Bogstrand;200
Bolme;423
Bolstad;1 592
Bondevik;.
Bones;245
Bonsaksen;232
Borch;377
Borchgrevink;296
Bore;639
Borg;739
Borgan;281
Borge;2 154
Borgen;2 024
Borgersen;1 092
Borlaug;461
Borsheim;228
Bostad;310
Botnen;429
Botten;478
Boye;324
Braastad;213
Braaten;802
Braathen;1 309
Bragstad;312
Brakstad;472
Brandal;791
Brandt;774
Brandtzæg;399
Brandvik;233
Braseth;330
Brastad;225
Brataas;209
Bratberg;479
Bratland;929
Bratli;527
Bratlie;731
Bratsberg;306
Bratteng;.
Brattli;305
Brattås;255
Bratvold;242
Braut;452
Bredal;270
Bredesen;1 420
Breen;334
Breiland;217
Breistein;270
Breivik;2 593
Brekka;237
Brekke;3 941
Brekken;565
Bremnes;534
Bremseth;301
Brenden;1 096
Brenna;950
Brenne;708
Brevig;227
Brevik;1 660
Bringedal;253
Brobakken;277
Broch;227
Brodahl;269
Brodersen;205
Broen;303
Brovold;563
Brown;423
Brox;489
Bru;546
Bruaset;214
Brubakken;209
Brudevoll;211
Brudvik;223
Bruheim;259
Bruland;652
Brun;1 014
Brunborg;252
Brunes;310
Brunstad;370
Brunvoll;282
Brustad;805
Bruun;982
Bruvik;591
Bruvoll;306
Bryhn;377
Bryn;480
Bryne;302
Brynildsen;567
Brynjulfsen;312
Brække;211
Brækken;220
Brænd;203
Brænden;240
Brøndbo;340
Brønstad;312
Bråten;2 730
Bråthen;3 208
Bu;278
Buan;256
Bue;368
Buene;268
Buer;742
Bugge;1 390
Bugten;235
Bui;496
Buljo;319
Bull;765
Bunes;403
Buraas;202
Burud;209
Busch;419
Busk;200
Butt;877
Buvarp;218
Buvik;327
By;471
Byberg;842
Bye;2 392
Byrkjeland;300
Bystrøm;.
Bækken;311
Bærheim;236
Bævre;359
Bø;2 468
Bødtker;.
Bøe;4 153
Bøen;465
Bøhler;352
Bøhmer;.
Bøhn;649
Børnes;207
Børresen;1 785
Børseth;328
Børsheim;234
Børstad;287
Børve;446
Bøthun;262
Bøyum;364
Bårdsen;935
Båtnes;.
Cao;211
Cappelen;270
Carlsen;2 695
Carlson;242
Carlsson;483
Caspersen;445
Celik;239
Celius;258
Chan;265
Chaudhry;394
Chen;600
Christensen;6 142
Christiansen;3 604
Christoffersen;1 321
Christophersen;442
Clausen;1 164
Claussen;329
Corneliussen;789
Daae;388
Dagestad;301
Dagsland;304
Dahir;390
Dahl;11 191
Dahlberg;703
Dahle;3 234
Dahlen;1 165
Dahlgren;233
Dahlstrøm;360
Dalaker;205
Dalby;368
Dale;3 331
Dalen;2 445
Dalene;334
Daleng;215
Dalhaug;291
Dalheim;480
Dalland;451
Dalsbø;221
Dalseth;210
Dammen;569
Dang;472
Daniel;242
Danielsen;5 377
Dar;239
David;232
Davidsen;1 829
Dehli;295
Demir;251
Derås;204
Devik;265
Devold;279
Didriksen;1 051
Diesen;214
Digernes;363
Digre;273
Dimmen;401
Dinh;262
Dirdal;381
Ditlefsen;385
Djupvik;482
Djuve;215
Djønne;256
Do;375
Doan;268
Dokken;713
Drabløs;315
Drage;355
Drageset;224
Dragland;238
Dramstad;.
Drange;691
Drevland;222
Dreyer;531
Drivenes;297
Drønen;311
Due;304
Duong;337
Dvergsdal;303
Dyb;401
Dybdahl;478
Dybdal;285
Dybvik;963
Dybwad;236
Dyngeland;329
Dyrdal;330
Dyrhaug;276
Dyrkorn;211
Dyrnes;525
Dyrseth;277
Dyrstad;372
Dyrøy;262
Dørum;475
Ebbesen;333
Eckhoff;324
Edland;516
Edvardsen;4 701
Edvartsen;202
Eeg;211
Eek;471
Ege;389
Egeberg;440
Egeland;2 539
Egeli;318
Egenes;211
Eggan;237
Egge;793
Eggen;1 809
Eggum;322
Eid;623
Eide;8 452
Eidem;1 101
Eidet;282
Eidissen;466
Eidsheim;.
Eidsvik;288
Eidsvåg;226
Eie;632
Eik;938
Eike;429
Eikeland;2 257
Eikemo;438
Eiken;478
Eikenes;485
Eikrem;883
Eikås;331
Eilertsen;3 176
Einan;216
Einarsen;908
Einvik;240
Eira;630
Ek;621
Ekeberg;797
Ekeland;424
Ekeli;251
Ekelund;274
Ekerhovd;318
Ekker;216
Eklund;431
Eknes;387
Ekre;266
Ekrem;311
Ekren;428
Ekroll;294
Ekstrøm;.
Elde;395
Elden;267
Eldevik;241
Eliassen;4 175
Ellefsen;1 786
Ellingsen;4 773
Elmi;474
Elnes;230
Elstad;609
Elton;210
Eltvik;227
Elvebakk;309
Elvenes;255
Elverum;368
Elvestad;509
Elvik;202
Emanuelsen;242
Emberland;257
Emblem;254
Emilsen;479
Endal;280
Endresen;1 515
Enersen;364
Enes;211
Eng;910
Engan;887
Engdal;348
Enge;642
Engebakken;416
Engebretsen;2 657
Engedal;392
Engeland;283
Engelsen;597
Engelstad;571
Engen;3 701
Engenes;221
Enger;2 129
Engeset;422
Engeseth;331
Engevik;361
Engh;1 130
Englund;235
Engseth;212
Engstad;215
Engstrøm;324
Engum;327
Engvik;303
Enoksen;1 058
Ensrud;232
Erdal;734
Erga;489
Erichsen;897
Eriksen;18 277
Eriksrud;250
Eriksson;1 440
Erikstad;432
Erland;426
Erlandsen;1 343
Ernstsen;269
Ersland;394
Erstad;732
Ertsås;212
Ervik;1 228
Eskedal;221
Eskeland;470
Espe;419
Espedal;886
Espeland;1 694
Espelid;331
Espenes;327
Espeseth;433
Estensen;239
Evanger;235
Evenrud;222
Evensen;5 804
Evenstad;284
Evertsen;222
Evje;234
Evjen;1 048
Evju;248
Fadnes;255
Fagerbakke;232
Fagereng;250
Fagerhaug;263
Fagerheim;801
Fagerland;572
Fagerli;1 048
Fagermo;274
Fagernes;302
Fagertun;220
Fagervik;274
Fagervold;236
Fagerås;251
Falch;993
Falck;510
Falk;304
Falkenberg;229
Fallet;306
Fanebust;279
Farah;872
Fardal;281
Farestveit;309
Farooq;259
Farstad;1 596
Fauskanger;418
Fauske;715
Fedje;.
Fenne;211
Feragen;317
Ferkingstad;371
Fernandez;224
Ferstad;237
Fevang;555
Fidje;286
Fidjeland;242
Figenschau;239
Figenschou;279
Fiksdal;373
Fimland;202
Fimreite;252
Finne;487
Finnerud;255
Finnesand;234
Finnøy;225
Finseth;326
Finsrud;453
Finstad;1 734
Fischer;403
Fiske;380
Fiskerstrand;349
Fiskum;303
Fiskvik;354
Fiskå;288
Fjeld;2 471
Fjeldberg;544
Fjelde;596
Fjeldheim;562
Fjeldstad;1 734
Fjell;814
Fjellanger;296
Fjelldal;433
Fjellestad;294
Fjellheim;865
Fjellstad;831
Fjellvang;310
Fjermestad;337
Fjær;204
Fjæreide;.
Fjærli;309
Fjørtoft;779
Flaa;345
Flaaten;.
Flage;219
Flataker;215
Flatebø;381
Flaten;923
Flatland;376
Flatmo;214
Flatøy;265
Flatås;310
Fleischer;308
Flem;416
Flesland;234
Flo;467
Flø;352
Flønes;244
Fløtre;279
Fløysvik;231
Flåten;485
Foldnes;231
Folgerø;333
Folkedal;255
Folkestad;639
Folkvord;334
Folland;256
Follestad;378
Fonn;263
Fonnes;218
Forberg;530
Forbord;341
Forland;305
Formo;348
Fornes;501
Forsberg;827
Forseth;351
Forsmo;320
Fosen;220
Foss;3 087
Fossan;306
Fossdal;457
Fosse;2 197
Fossen;1 014
Fosser;206
Fosshaug;281
Fossheim;789
Fossland;291
Fossli;400
Fossmark;231
Fossmo;271
Fossnes;239
Fossum;2 657
Fotland;508
Frafjord;488
Framnes;284
Frank;213
Frantzen;1 505
Fredheim;1 352
Fredriksen;6 537
Fremstad;549
Fretheim;256
Friberg;369
Friestad;503
Frigstad;349
Friis;495
Frivold;211
Frogner;519
Frost;220
Frostad;463
Frydenberg;321
Frydenlund;1 061
Frøiland;285
Frøland;473
Frøseth;299
Frøshaug;218
Frøyen;363
Frøyland;671
Frøysa;245
Frøystad;268
Fuglerud;278
Fuglestad;658
Fure;543
Furnes;1 012
Furre;334
Furset;246
Furseth;284
Furu;537
Furuhaug;.
Furuheim;248
Furulund;611
Furunes;319
Furuseth;876
Fyhn;238
Fykse;211
Fylkesnes;320
Fylling;505
Fyllingen;.
Følstad;255
Førde;1 065
Føreland;216
Førland;859
Førre;253
Førsund;226
Gaard;215
Gaarder;624
Gabrielsen;3 039
Gamst;543
Gangstad;237
Garberg;457
Garcia;349
Garnes;449
Garshol;261
Garvik;354
Gashi;662
Gaup;586
Gausdal;312
Gaustad;734
Gebremedhin;228
Gebremichael;251
Georgsen;228
Gerhardsen;535
Gilberg;304
Gilde;217
Gilje;1 029
Gill;464
Gillebo;245
Gimre;200
Gimse;214
Giske;763
Giæver;280
Gjedrem;235
Gjelstad;316
Gjelsten;245
Gjelsvik;670
Gjendem;327
Gjengedal;263
Gjengstø;217
Gjerde;3 405
Gjerdingen;210
Gjerdrum;273
Gjerløw;202
Gjermundsen;205
Gjernes;202
Gjerstad;999
Gjersvik;216
Gjersøe;246
Gjertsen;1 610
Gjeruldsen;207
Gjervik;226
Gjesdal;672
Gjessing;296
Gjestad;204
Gjestvang;275
Gjøen;.
Gjønnes;249
Gjøsund;247
Glad;263
Gleditsch;228
Glesnes;339
Gloppen;227
Goa;401
Godø;540
Goksøyr;205
Gonzalez;271
Graff;344
Gram;400
Gramstad;402
Gran;1 784
Granberg;636
Grande;1 612
Granerud;398
Granheim;675
Granli;939
Granlund;621
Granly;274
Granmo;221
Grannes;238
Granum;648
Granås;436
Grav;285
Gravdahl;203
Gravdal;1 133
Gravem;220
Grebstad;251
Green;651
Gregersen;921
Greve;350
Grimnes;215
Grimsmo;242
Grimsrud;551
Grimstad;1 544
Grinde;514
Grinden;212
Grindhaug;273
Grindheim;945
Grini;456
Grongstad;315
Groth;260
Grotle;287
Grov;550
Groven;554
Grude;444
Grue;277
Grytten;521
Grødem;515
Grønbech;271
Grønberg;.
Grøndahl;600
Grøndal;242
Grøndalen;230
Grøneng;272
Grønhaug;225
Grønli;857
Grønlie;242
Grønlien;212
Grønlund;379
Grønn;267
Grønnestad;222
Grønnevik;324
Grønning;798
Grønningsæter;312
Grønsberg;.
Grønseth;307
Grønstad;336
Grønvik;243
Grønvold;1 211
Grønås;586
Grøstad;303
Grøtan;231
Grøterud;218
Grøtte;356
Grøtting;347
Gudbrandsen;537
Guddal;342
Gudmestad;417
Gudmundsen;615
Gulbrandsen;4 359
Guldahl;214
Guldberg;236
Gullaksen;455
Gulli;227
Gulliksen;1 505
Gundersen;9 684
Gunnarsen;204
Gunnarsson;.
Gunnerud;311
Gunnerød;239
Gunnes;259
Gunnestad;231
Gupta;306
Gussiås;204
Gustad;400
Gustafsson;544
Gustavsen;2 847
Gustavson;.
Guttorm;262
Guttormsen;1 303
Gylland;.
Gården;234
Gåsland;269
Ha;207
Haagensen;813
Haakonsen;404
Haaland;2 315
Haarberg;298
Haarr;385
Haarstad;212
Haave;586
Haavik;536
Habberstad;264
Habbestad;350
Habte;301
Haddal;256
Haddeland;341
Hadland;490
Hafstad;498
Haga;2 356
Hagberg;243
Hage;695
Hageland;239
Hagelund;368
Hagen;13 484
Hagenes;352
Hagerup;523
Hagland;266
Haglund;468
Hagos;353
Haidari;333
Haider;228
Haile;756
Haji;369
Halden;274
Haldorsen;863
Hall;404
Hallan;269
Halland;727
Hallberg;208
Halle;595
Halleland;288
Hallem;204
Halleraker;292
Hallingstad;209
Hals;829
Halse;352
Halsen;223
Halseth;421
Halstensen;360
Halvorsen;10 685
Halvorsrud;254
Hamborg;208
Hamid;334
Hammer;3 066
Hammeren;253
Hammersland;446
Hammerstad;480
Hammervold;354
Hammerø;234
Hamnes;340
Hamre;2 203
Hana;227
Handeland;1 056
Hannestad;250
Hannisdal;274
Hansen;48 393
Hanssen;5 475
Hansson;785
Hanstad;327
Haraldseid;328
Haraldsen;1 389
Haraldstad;295
Haram;472
Harbo;203
Hareide;455
Harestad;388
Harila;.
Harkestad;205
Harlem;205
Harnes;269
Harstad;593
Harsvik;213
Hartmann;389
Hartveit;249
Hartvigsen;415
Hartviksen;254
Hasan;935
Hasani;238
Hashi;346
Hasle;482
Hassan;3 422
Hassani;232
Hassel;543
Hasselberg;242
Hasund;244
Hatland;336
Hatlem;290
Hatlen;394
Hatlestad;411
Hatlevik;286
Hatløy;203
Hatteland;250
Hauan;556
Haug;4 879
Haugan;2 036
Hauge;6 231
Haugen;13 800
Hauger;649
Haugerud;981
Haugland;5 721
Haugli;623
Hauglid;216
Haugnes;402
Haugo;267
Haugom;405
Haugsdal;374
Haugseth;442
Haugstad;850
Haugsvær;267
Haugum;286
Haugvaldstad;341
Haukaas;358
Haukedal;227
Haukeland;708
Haukenes;249
Haukland;480
Haukås;844
Hausken;427
Hauso;206
Haveland;285
Haver;279
Havik;239
Havn;364
Havnen;212
Hay;312
Hebnes;360
Heen;522
Hegdal;294
Hegg;381
Heggdal;487
Hegge;707
Heggedal;272
Heggelund;1 027
Heggem;631
Heggen;713
Heggernes;293
Heggestad;226
Heggheim;385
Heggland;566
Hegglund;209
Heggset;.
Heggøy;314
Hegland;464
Hegna;536
Hegre;257
Hegstad;347
Heia;376
Heiberg;637
Heidari;240
Heide;431
Heien;372
Heier;531
Heim;257
Heimark;205
Heimdal;1 078
Heimstad;266
Heistad;206
Heitmann;695
Helberg;346
Heldal;475
Helgeland;969
Helgerud;404
Helgesen;3 342
Helgestad;268
Helgheim;284
Helgøy;223
Hella;270
Hellan;204
Helland;4 303
Helle;2 059
Hellebust;334
Hellebø;200
Helleland;444
Hellem;487
Hellenes;211
Helleren;289
Hellerud;733
Hellesø;234
Hellesøy;208
Hellevik;419
Helliesen;226
Hellstrøm;211
Hellum;630
Helmersen;703
Helset;267
Helseth;541
Helstad;270
Heltne;302
Helvik;234
Hem;536
Hemmingsen;270
Hemnes;202
Henden;691
Henningsen;600
Hennum;375
Henriksen;10 738
Hepsø;263
Herdlevær;216
Herfindal;201
Herheim;260
Herigstad;210
Herland;890
Hermann;203
Hermansen;3 377
Hernandez;224
Hernes;808
Hernæs;226
Herstad;439
Hervik;237
Hesjedal;327
Heskestad;227
Hesselberg;205
Hessen;323
Hestad;534
Hestenes;217
Hestetun;220
Hestnes;659
Hestvik;297
Hetland;1 847
Heum;200
Hevrøy;211
Hexeberg;209
Heyerdahl;446
Hidle;301
Hilde;245
Hildre;350
Hildrum;265
Hille;321
Hilleren;239
Hillestad;912
Hilmarsen;200
Hilstad;261
Hindenes;344
Hinna;238
Hirsi;207
Hjelde;260
Hjelle;1 447
Hjelm;260
Hjelmeland;610
Hjelseth;295
Hjelvik;308
Hjorth;240
Hjortland;445
Hjulstad;214
Hjønnevåg;203
Hjørnevik;395
Ho;497
Hoang;451
Hobberstad;206
Hoddevik;343
Hodne;774
Hodneland;267
Hodzic;201
Hoel;2 826
Hoem;1 084
Hoff;2 815
Hoffmann;361
Hofseth;379
Hofstad;885
Hoftun;216
Hognestad;472
Hogstad;624
Hojem;222
Hokstad;232
Hol;233
Holand;833
Holberg;637
Holden;697
Hole;1 949
Holen;2 134
Holgersen;509
Hollund;255
Holm;6 449
Holmberg;462
Holme;742
Holmedal;447
Holmefjord;345
Holmen;2 745
Holmgren;497
Holmsen;467
Holmstrøm;206
Holmvik;291
Holmøy;229
Holsen;429
Holst;1 326
Holstad;851
Holt;1 549
Holta;272
Holtan;733
Holte;1 637
Holten;950
Holter;1 384
Holtet;722
Holth;791
Holthe;1 198
Holum;363
Holvik;433
Homme;643
Honningsvåg;316
Hop;215
Hope;1 359
Hopen;454
Hopland;1 025
Hordvik;255
Horgen;501
Horn;1 052
Horne;482
Hornnes;237
Horntvedt;251
Horpestad;533
Horten;286
Horvei;305
Hoseth;265
Hosseini;456
Hotvedt;319
Hov;740
Hovd;209
Hovda;645
Hovdal;211
Hovde;1 371
Hovden;1 239
Hove;975
Hoven;201
Hovin;204
Hovind;456
Hovland;3 452
Huang;271
Hult;214
Hunnes;200
Hunstad;452
Hurlen;311
Husa;387
Husabø;222
Husby;1 836
Huse;1 032
Huseby;1 011
Husebø;820
Husevåg;292
Hussain;1 998
Hussaini;233
Hussein;2 067
Hustad;966
Hustoft;256
Hustveit;237
Husum;255
Husøy;498
Huus;333
Huynh;899
Hval;323
Hvattum;228
Hveding;302
Hveem;289
Hvidsten;944
Hylland;236
Hynne;458
Hystad;419
Hægeland;367
Hætta;553
Høgberg;236
Høgli;264
Høglund;.
Høgset;335
Høgseth;381
Høgås;235
Høiberg;257
Høiby;472
Høie;702
Høiland;744
Høines;333
Høiseth;327
Høistad;201
Høivik;297
Hølland;296
Høvik;804
Høydahl;237
Høydal;583
Høye;296
Høyem;473
Høyer;372
Høyland;1 314
Høyvik;511
Hågensen;957
Håheim;473
Håkonsen;1 350
Håland;3 117
Hånes;214
Håpnes;227
Hårstad;532
Håvik;605
Ibrahim;2 676
Iden;254
Idland;561
Idris;302
Idsø;246
Idsøe;284
Igland;437
Ihle;286
Ihlen;.
Ilyas;223
Imran;247
Ims;375
Indahl;205
Indergård;254
Indrebø;413
Ingebretsen;857
Ingebrigtsen;2 796
Ingvaldsen;1 092
Innvær;228
Iqbal;1 280
Irgens;469
Isachsen;400
Isaksen;4 677
Isdahl;263
Isdal;227
Isene;207
Islam;237
Ismail;1 101
Issa;369
Istad;336
Ivanov;342
Ivanova;392
Iversen;9 665
Jacobsen;11 418
Jafari;320
Jahnsen;503
Jahr;629
Jahren;642
Jakobsen;10 240
Jama;880
Jansen;3 054
Jansson;640
Javed;278
Jensen;21 463
Jensrud;201
Jenssen;4 061
Jentoft;355
Jeppesen;217
Jerstad;215
Jespersen;415
Jessen;411
Jevnaker;202
Jevne;323
Joa;232
Joakimsen;266
Johannesen;2 307
Johannessen;12 377
Johansen;46 112
Johanson;294
Johansson;2 464
Johnsen;19 382
Johnson;861
Johnsrud;1 197
Johnstad;.
Jonassen;2 376
Jones;476
Jonsson;793
Jordal;580
Jordalen;238
Jordan;248
Jordet;389
Jordheim;211
Josdal;232
Josefsen;804
Jovanovic;250
Juell;244
Juliussen;718
Justad;247
Juul;454
Juvik;387
Jæger;516
Jønsson;259
Jørgensen;10 857
Jørstad;1 057
Jøssang;279
Jåsund;215
Kaasa;905
Kahrs;202
Kahsay;269
Kaland;493
Kaldestad;294
Kaldheim;201
Kalland;486
Kalleberg;319
Kallestad;357
Kallevik;564
Kalstad;390
Kalvik;394
Kanestrøm;303
Kapstad;221
Kara;276
Karim;407
Karimi;516
Karlsen;19 807
Karlson;266
Karlsrud;357
Karlsson;1 391
Karlstad;639
Karlstrøm;202
Karoliussen;486
Karstensen;584
Kasin;274
Kaspersen;1 297
Kaupang;249
Kaur;1 354
Kausar;308
Kavli;310
Kaya;337
Khalaf;257
Khalid;427
Khalil;577
Khan;3 412
Kibsgaard;227
Kidane;580
Kielland;466
Kihle;282
Kiil;336
Kildahl;232
Kildal;612
Kile;328
Kilen;354
Killi;352
Kim;365
Kind;265
King;214
Kinn;304
Kirkeby;463
Kirkerud;268
Kirkevold;.
Kirkhus;267
Kirknes;261
Kittelsen;635
Kittilsen;609
Kjeilen;202
Kjeldsberg;262
Kjeldsen;502
Kjellevold;323
Kjelsberg;222
Kjelsrud;254
Kjelstad;224
Kjerstad;420
Kjesbu;201
Kjos;548
Kjær;990
Kjærland;209
Kjærnes;203
Kjærstad;580
Kjærvik;274
Kjøde;.
Kjølberg;239
Kjølstad;417
Kjørstad;236
Kjørsvik;451
Kjøsnes;431
Klakegg;235
Klausen;1 569
Klaussen;351
Klavenes;201
Klein;232
Kleiv;221
Kleiveland;244
Kleiven;1 204
Klemetsen;404
Klepp;407
Kleppa;262
Kleppe;1 876
Klette;337
Klev;257
Kleveland;422
Kleven;1 988
Klingenberg;328
Klokk;341
Kloster;413
Klungland;467
Klungtveit;208
Klyve;207
Klæboe;343
Kløvstad;247
Knapstad;379
Knarvik;291
Knoph;341
Knotten;.
Knudsen;5 847
Knutsen;8 124
Koch;389
Kofoed;205
Kolberg;616
Kolbjørnsen;265
Kolle;224
Kolltveit;359
Kolnes;515
Kolseth;208
Kolsrud;327
Kolstad;2 146
Kolstø;339
Kolås;312
Kommedal;236
Kongshaug;319
Kongsrud;214
Kongsvik;270
Konradsen;311
Koppang;279
Kopperud;777
Koren;274
Korneliussen;993
Korslund;.
Korsmo;519
Korsnes;517
Korsvik;243
Korsvold;286
Kowalczyk;319
Kowalski;289
Kraft;330
Krane;365
Krasniqi;614
Kringstad;289
Kristensen;6 604
Kristiansen;21 989
Kristoffersen;7 446
Krog;471
Krogh;1 557
Krogsrud;234
Krogstad;1 647
Krogsæter;261
Krohn;496
Kroken;758
Krokstad;205
Kronstad;381
Krosby;228
Kruse;442
Krüger;427
Kråkenes;398
Kulseth;209
Kumar;487
Kvaal;388
Kvaale;210
Kvale;509
Kvalheim;997
Kvalnes;278
Kvalsund;424
Kvalsvik;611
Kvalvik;884
Kvalvåg;382
Kvalø;258
Kvaløy;227
Kvam;2 114
Kvame;227
Kvamme;2 117
Kvammen;735
Kvamsdal;260
Kvandal;247
Kvande;349
Kvarme;461
Kvarsnes;202
Kvello;215
Kvernberg;311
Kverneland;291
Kvernmo;353
Kvia;232
Kvien;218
Kvilhaug;330
Kvinge;470
Kvinlaug;213
Kvinnesland;258
Kvistad;214
Kværner;205
Kvåle;854
Kydland;276
Kyllingstad;352
Kyvik;215
Kårstad;383
Kåsa;386
Laastad;226
Lade;239
Lagesen;205
Laland;222
Lam;362
Lamo;203
Lampe;207
Landa;487
Lande;1 359
Landmark;446
Landro;518
Landrø;265
Landsem;370
Landsverk;498
Langaas;245
Langbråten;.
Lange;1 034
Langedal;264
Langeland;2 187
Langen;201
Langerud;471
Langfeldt;262
Langhelle;405
Langholm;221
Langli;318
Langlo;321
Langmo;317
Langnes;481
Langset;260
Langseth;1 099
Langvik;298
Langø;326
Langørgen;220
Langøy;332
Langåker;361
Langås;496
Larsen;35 209
Larssen;1 563
Larsson;1 562
Lassen;377
Laugen;322
Lauritsen;1 034
Lauritzen;1 548
Laursen;229
Lausund;203
Lauten;226
Lauvrak;204
Lauvås;311
Lavik;518
Le;1 979
Lea;751
Lee;566
Lehmann;249
Lehn;251
Lehne;242
Leidland;237
Leikanger;294
Leiknes;258
Leikvoll;302
Lein;585
Leine;426
Leira;276
Leirdal;222
Leirvik;745
Leirvåg;247
Leistad;323
Leite;458
Leithe;343
Leivestad;236
Leknes;597
Lekven;274
Lende;349
Lenes;225
Leonhardsen;309
Leren;258
Lerstad;.
Lervik;1 457
Lervåg;409
Lerøy;235
Letnes;216
Levang;267
Li;902
Lia;1 067
Liabø;270
Lian;2 035
Liberg;217
Lid;1 199
Lidal;244
Lie;7 290
Lied;474
Lien;6 360
Lieng;269
Lier;783
Liknes;312
Liland;961
Lilleberg;218
Lilleby;316
Lillebø;742
Lilleeng;211
Lilleengen;200
Lillegård;313
Lillehagen;202
Lillejord;278
Lilleland;235
Lillemo;246
Lilleng;344
Lillestøl;341
Lilletvedt;278
Lillevik;600
Lilleås;256
Lima;640
Lind;2 094
Lindahl;454
Lindal;304
Lindanger;261
Lindberg;1 680
Linde;439
Lindgaard;229
Lindgren;812
Lindhjem;324
Lindholm;266
Lindland;612
Lindquist;274
Lindqvist;238
Lindseth;850
Lindstad;822
Lindstrøm;554
Lindvik;275
Lindås;251
Linge;295
Linnerud;681
Liseth;310
Liu;511
Lium;369
Liverød;257
Ljones;.
Ljosland;232
Lockert;234
Lode;621
Loe;588
Loen;214
Lofthus;429
Log;333
Lohne;996
Lokøy;261
Lomeland;283
Lona;212
Lone;292
Longva;621
Lopez;323
Lorentsen;954
Lorentzen;2 851
Lossius;376
Lothe;878
Lu;237
Ludvigsen;2 657
Ludviksen;269
Lund;10 881
Lundal;270
Lundberg;1 323
Lundby;606
Lunde;6 786
Lundeby;235
Lundekvam;229
Lundemo;387
Lunden;652
Lunder;459
Lundestad;201
Lundgren;428
Lundgård;223
Lundh;223
Lundquist;257
Lura;370
Lyche;226
Lydersen;316
Lygre;434
Lyng;631
Lyngmo;282
Lyngstad;1 103
Lyngvær;323
Lynum;236
Lysaker;387
Lyse;318
Lysen;.
Lysgård;259
Lyshaug;233
Lysne;223
Lyssand;327
Lystad;986
Lysø;361
Lægreid;469
Lærum;288
Løberg;740
Løchen;223
Lødemel;229
Løge;249
Løken;2 322
Løkke;532
Løkkeberg;234
Løkken;2 009
Løkås;389
Løland;1 192
Lønning;592
Løset;215
Løseth;784
Løtveit;240
Løvaas;636
Løvberg;209
Løvdal;767
Løver;311
Løvik;886
Løvland;350
Løvli;456
Løvlie;249
Løvlien;282
Løvold;524
Løvoll;231
Løvseth;535
Løvstad;622
Løvås;901
Løyning;405
Låstad;225
Madland;398
Madsen;3 749
Magerøy;245
Magnus;374
Magnussen;3 338
Magnusson;382
Mahamed;607
Mahammed;.
Mahamud;402
Mahmood;866
Mahmoud;504
Mahmud;221
Majid;223
Malde;225
Malik;1 174
Malin;.
Malm;332
Malme;201
Malmedal;244
Malmin;518
Malmo;412
Malvik;286
Mandal;296
Mandelid;221
Mannes;351
Marcussen;586
Mardal;219
Marken;364
Markhus;539
Markussen;1 939
Marstein;250
Martens;306
Marthinsen;1 659
Marthinussen;566
Martin;432
Martinez;230
Martinsen;8 147
Martinussen;1 238
Marvik;249
Marøy;378
Mathiassen;963
Mathiesen;1 373
Mathisen;7 193
Matre;941
Maudal;248
Maurstad;263
Mauseth;391
Mazur;341
Medhus;229
Meek;290
Mehari;393
Mehl;255
Mehlum;231
Mehmood;256
Mehus;383
Meidell;235
Meier;296
Meisingset;285
Meland;1 706
Melberg;215
Melby;1 397
Melbye;625
Melbø;203
Melgård;235
Melheim;332
Melhus;711
Meling;1 232
Mellem;371
Mellemstrand;251
Mellingen;405
Mellum;296
Melsom;273
Melum;246
Melvold;238
Mentzoni;369
Merkesdal;245
Meyer;1 867
Michael;247
Michaelsen;814
Michalsen;387
Michelsen;1 191
Midtbø;1 043
Midtgård;310
Midthun;259
Midtskogen;242
Midttun;591
Midttveit;207
Midtun;624
Mikaelsen;248
Mikalsen;3 426
Mikkelborg;314
Mikkelsen;4 172
Milde;288
Miljeteig;272
Miller;362
Minde;470
Minge;293
Mir;251
Mirza;360
Misje;407
Misund;352
Mittet;353
Mjelde;915
Mjøen;437
Mjølhus;254
Mjønes;206
Mjøs;553
Mjåland;217
Mjånes;204
Mo;1 605
Moa;219
Moan;438
Moberg;780
Moe;6 655
Moen;9 933
Mogen;.
Mogstad;330
Mohamad;458
Mohamed;3 775
Mohammad;1 164
Mohammadi;924
Mohammed;2 343
Mohamoud;218
Mohamud;886
Mohn;357
Moholt;274
Moi;633
Moksnes;287
Moland;842
Molde;259
Molden;207
Moldestad;354
Moldskred;350
Mollan;212
Molland;405
Mollestad;214
Molnes;438
Molstad;321
Molteberg;206
Moltu;244
Molund;311
Molvik;461
Molvær;269
Mong;282
Monge;201
Mongstad;253
Monsen;2 596
Monstad;304
Moradi;273
Mork;1 449
Morken;946
Morland;241
Mortensen;3 449
Moseng;276
Moss;454
Mossige;244
Mostad;295
Mostue;220
Moum;312
Mousa;250
Muggerud;200
Muhammad;290
Mundal;504
Munir;242
Munkvold;291
Munthe;252
Munthe-Kaas;203
Muren;275
Muri;359
Muse;260
Mustafa;912
Mydland;656
Myhr;702
Myhra;382
Myhre;5 700
Myhren;776
Myhrer;407
Myhrvold;562
Myking;390
Mykland;370
Myklebost;216
Myklebust;4 338
Müller;913
Myran;530
Myrdal;232
Myre;375
Myren;976
Myrene;252
Myreng;207
Myrhaug;386
Myrland;700
Myrmel;202
Myrseth;670
Myrstad;380
Myrvang;1 885
Myrvold;1 516
Myrvoll;620
Mæhle;417
Mæhlum;606
Mæhre;206
Mæland;2 045
Mæle;237
Mælen;202
Møgster;341
Møller;2 206
Mørch;802
Mørck;.
Mørk;1 389
Mørkved;243
Mørland;208
Måkestad;207
Naalsund;207
Naas;294
Nagy;265
Nakken;664
Narum;271
Narvestad;218
Nasir;218
Natland;250
Natvig;280
Natvik;268
Natås;215
Naustdal;314
Nawaz;273
Nazari;395
Nedrebø;569
Nedregård;233
Nedrelid;.
Negård;238
Nekstad;231
Nelson;234
Nepstad;.
Nerdal;305
Nereng;207
Nergaard;488
Nergård;984
Nerheim;272
Nerhus;293
Nerland;981
Nerli;226
Nervik;510
Nes;1 405
Nesbø;361
Nese;407
Neset;490
Nesheim;1 100
Nesje;523
Nesland;272
Ness;1 804
Nessa;282
Nesse;1 821
Nesset;810
Nesvik;290
Neteland;298
Netland;708
Neumann;235
Neverdal;284
Nevland;294
Ngo;601
Nguyen;7 519
Nicolaisen;1 195
Nicolaysen;1 024
Nielsen;5 908
Nikolaisen;2 104
Nilsen;31 962
Nilssen;3 215
Nilsson;1 634
Nissen;205
Nistad;280
Njærheim;244
Nodeland;221
Nodland;322
Nome;255
Noor;411
Noori;276
Norberg;402
Nord;539
Nordahl;1 445
Nordal;1 172
Nordang;264
Nordanger;305
Nordberg;576
Nordby;2 454
Nordbø;1 640
Nordeide;429
Nordeng;449
Nordengen;491
Norderhaug;224
Nordgaard;260
Nordgård;1 089
Nordhagen;912
Nordhaug;400
Nordheim;1 057
Nordhus;485
Nordland;262
Nordli;1 835
Nordlie;372
Nordlien;263
Nordlund;259
Nordmark;276
Nordmo;403
Nordnes;720
Nordrum;226
Nordseth;544
Nordskag;217
Nordskog;382
Nordstrand;839
Nordstrøm;476
Nordsveen;290
Nordtveit;412
Nordtømme;247
Nordvik;1 476
Nordås;575
Noreng;231
Norheim;1 785
Norland;407
Norli;265
Norman;275
Normann;1 506
Nornes;310
Norum;1 087
Norvik;200
Nowak;648
Nur;375
Nuur;284
Nybakk;415
Nybakken;254
Nyberg;937
Nyborg;1 506
Nybråten;341
Nybø;756
Nydal;437
Nygaard;3 270
Nygard;203
Nygren;243
Nygård;6 707
Nyhagen;371
Nyheim;1 178
Nyhus;1 436
Nyhuus;205
Nyland;1 129
Nylund;815
Nymark;309
Nymo;574
Nymoen;1 264
Nyquist;307
Nyrud;304
Nyseth;226
Nystad;913
Nysted;288
Nystrand;221
Nystrøm;280
Nystuen;521
Nysveen;303
Nysæter;363
Nysæther;275
Nyvold;206
Nyvoll;452
Nærland;509
Nærø;236
Næs;206
Næss;4 956
Nævdal;345
Nødland;212
Nøkland;215
Nøkleby;318
Nørstebø;223
Nøttveit;218
Obrestad;226
Odden;1 060
Odland;653
Oen;328
Ofstad;567
Oftedal;897
Ohnstad;257
Okkenhaug;207
Oksnes;246
Okstad;213
Olafsen;1 461
Olaisen;714
Oland;232
Olaussen;1 683
Olavesen;345
Olden;329
Oldervik;212
Olesen;242
Oliversen;264
Olsen;45 146
Olsnes;221
Olsrud;224
Olsson;1 293
Olstad;1 117
Olsvik;377
Olufsen;798
Oma;410
Omar;1 870
Omdahl;210
Omdal;846
Omer;356
Omholt;316
Omland;749
Ommedal;304
Ommundsen;568
Onarheim;429
Onstad;249
Opdahl;537
Opdal;640
Opedal;496
Opgård;228
Ophaug;221
Opheim;1 387
Ophus;263
Opland;332
Oppedal;648
Oppegaard;239
Oppegård;.
Opsahl;1 487
Opsal;461
Opseth;221
Opstad;505
Orre;245
Orvik;215
Os;423
Osa;.
Ose;288
Osen;534
Oshaug;214
Oskarsen;228
Osland;544
Osman;1 544
Osmani;237
Osmundsen;581
Osnes;538
Oterhals;238
Othman;283
Otnes;284
Ottem;230
Otterlei;542
Ottersen;427
Otterstad;327
Ottesen;2 114
Ottosen;418
Overvik;200
Overå;288
Ovesen;842
Owren;213
Paasche;225
Palm;319
Parveen;281
Paulsen;7 942
Paulsrud;343
Paus;252
Pedersen;32 983
Perez;222
Persen;707
Persson;1 097
Petersen;1 999
Petrovic;250
Pettersen;18 663
Petterson;576
Pettersson;601
Pham;1 411
Phan;593
Pihl;245
Pilskog;242
Pladsen;206
Plassen;288
Pleym;219
Polden;209
Pollestad;384
Poulsen;466
Prestegård;315
Presthus;254
Prytz;406
Qureshi;257
Qvale;224
Raa;262
Raaen;435
Raastad;298
Rabben;701
Rafoss;279
Rage;212
Rahimi;496
Rahman;335
Rahmani;229
Raja;452
Raknes;561
Rakvåg;230
Ramadani;257
Ramberg;1 093
Ramfjord;215
Ramsdal;270
Ramsland;355
Ramstad;1 396
Ramsvik;361
Ramsøy;.
Rana;370
Randen;601
Ranheim;369
Ranum;251
Rasch;503
Rashid;688
Rasmussen;6 923
Ravn;388
Ravndal;850
Ravnås;263
Raza;344
Ree;678
Reed;355
Refsdal;296
Refseth;228
Refsland;232
Refsnes;687
Refvik;363
Rege;.
Rehman;342
Reiersen;984
Reigstad;531
Reime;505
Rein;367
Reinertsen;865
Reinholdtsen;393
Reistad;624
Reitan;1 701
Reite;447
Reiten;577
Rekdal;642
Rekkedal;230
Rekstad;290
Reksten;306
Remen;200
Remme;550
Remmen;232
Remøy;439
Reppe;359
Reppen;356
Repstad;286
Resell;213
Ressem;213
Revheim;498
Reyes;315
Rezai;324
Rian;499
Riaz;251
Ribe;445
Richardsen;732
Richter;210
Riis;746
Riise;1 671
Riiser;280
Rikardsen;203
Rikstad;237
Rimstad;245
Rindal;513
Rinde;379
Rinden;203
Ring;309
Ringdal;672
Ringen;674
Ringheim;277
Ringnes;287
Ringstad;1 462
Ringvold;294
Risa;756
Risan;525
Risberg;277
Risdal;343
Rise;729
Riseth;.
Rishaug;293
Risnes;728
Rist;295
Risvik;371
Risøy;241
Roald;667
Robberstad;223
Roberg;215
Roberts;225
Robertsen;1 295
Robstad;288
Rodal;226
Rode;201
Rodriguez;260
Roen;248
Rognan;212
Rogne;1 145
Rognerud;372
Rognes;280
Rognli;291
Rognlien;382
Rognmo;318
Rognstad;622
Rogstad;623
Rohde;218
Rokne;200
Rokstad;367
Roksvåg;311
Roland;715
Rolfsen;391
Rolfsnes;212
Rolland;626
Rolstad;391
Rom;.
Romsdal;217
Rong;450
Rongved;229
Roos;341
Rosenberg;506
Rosenlund;518
Rosenvinge;330
Rosland;740
Rosnes;384
Ross;278
Rossebø;251
Rosseland;654
Rossland;234
Rostad;829
Rosvold;522
Rosvoll;208
Rotevatn;203
Roth;328
Rovik;265
Rud;377
Rudi;575
Rudolfsen;200
Rue;242
Rugland;363
Rui;377
Runde;281
Rustad;1 528
Rustand;249
Rusten;886
Ruud;4 490
Ryan;341
Rydland;558
Rydningen;474
Rye;701
Ryen;909
Ryeng;266
Rygg;826
Rygh;929
Rykkje;239
Ryland;308
Rynning;219
Rystad;260
Ræstad;218
Røberg;377
Rød;1 449
Rødal;451
Rødland;687
Rødsand;207
Rødseth;425
Rødsjø;328
Røe;788
Røed;1 846
Røen;528
Røgeberg;260
Røhne;215
Røine;310
Røise;253
Røisland;214
Røkenes;256
Røkke;466
Rømo;266
Røneid;206
Rønhovde;200
Rønne;258
Rønneberg;677
Rønnestad;288
Rønning;5 087
Rønningen;2 636
Røren;480
Rørstad;246
Rørtveit;256
Rørvik;1 262
Røsand;406
Røssland;424
Røst;266
Røstad;855
Røste;492
Røsten;.
Røsvik;314
Røv;215
Røvik;396
Røyland;248
Røyrvik;248
Røyset;332
Røysland;256
Rånes;268
Saastad;274
Saeed;456
Safi;551
Saga;381
Sagbakken;262
Sagen;1 148
Sagmo;313
Sagstad;410
Sagstuen;246
Said;777
Sakariassen;278
Sakshaug;384
Salamonsen;377
Salberg;250
Salbu;216
Saleem;306
Saleh;713
Salih;412
Salim;230
Salomonsen;707
Salte;906
Saltnes;324
Salvesen;1 508
Samdal;366
Samnøy;219
Samuelsen;2 630
Sand;2 459
Sandaker;378
Sandal;903
Sandanger;394
Sandbakk;311
Sandbakken;455
Sandberg;2 300
Sandbæk;284
Sande;2 284
Sanden;791
Sander;265
Sandersen;284
Sandhåland;219
Sandland;220
Sandli;202
Sandmo;538
Sandnes;2 731
Sandsmark;294
Sandstad;494
Sandtorv;298
Sandum;361
Sandve;306
Sandven;534
Sandvik;5 235
Sandvold;621
Sandvoll;266
Sandvær;230
Sandø;352
Sandøy;709
Sangolt;357
Sanne;481
Sannes;768
Santos;218
Sara;554
Sarwar;247
Saue;302
Saur;312
Schanche;247
Schanke;222
Schau;444
Schei;1 073
Scheie;268
Schie;227
Schjelderup;506
Schjerven;209
Schjetne;341
Schjølberg;736
Schmidt;873
Schneider;236
Schou;307
Schrøder;566
Schultz;469
Schøyen;389
Scott;243
Seeberg;233
Seglem;377
Seierstad;343
Seim;1 177
Sekkingstad;220
Sekse;293
Seland;524
Seldal;234
Sele;586
Seljeseth;289
Selle;237
Sellevold;245
Sellæg;241
Selmer;360
Selnes;957
Selstad;240
Selvik;547
Selvåg;318
Sem;383
Semb;533
Seppola;254
Serigstad;296
Sevaldsen;223
Severinsen;744
Shah;717
Shahzad;225
Shala;393
Sharif;589
Sharifi;236
Sharma;1 014
Sheikh;385
Shrestha;252
Sigurdsen;372
Sigvartsen;307
Sikveland;282
Silden;297
Silseth;379
Silva;270
Simensen;1 690
Simonsen;5 486
Singh;2 023
Singstad;326
Sinnes;269
Sirevåg;387
Sirnes;311
Sivertsen;5 471
Sjaastad;213
Sjo;417
Sjursen;906
Sjøberg;479
Sjøblom;.
Sjøen;281
Sjøgren;227
Sjøli;424
Sjølie;461
Sjøstrøm;.
Sjøthun;234
Sjøvold;387
Sjøvoll;247
Sjåstad;426
Sjåvik;240
Skaar;1 843
Skaare;238
Skadberg;267
Skage;431
Skagen;638
Skagestad;243
Skailand;215
Skansen;239
Skar;1 179
Skarbø;301
Skare;809
Skaret;703
Skarshaug;203
Skarstad;265
Skarstein;480
Skarsvåg;217
Skau;550
Skauen;295
Skaug;1 637
Skauge;535
Skaugen;266
Skavhaug;250
Skei;408
Skeide;439
Skeie;1 369
Skevik;236
Skille;224
Skinnes;248
Skinstad;278
Skistad;297
Skjeggestad;212
Skjelbred;608
Skjelstad;395
Skjelvik;249
Skjerdal;208
Skjerping;224
Skjerve;565
Skjerven;403
Skjervheim;205
Skjervold;257
Skjetne;334
Skjevik;241
Skjold;637
Skjolden;238
Skjong;312
Skjæret;285
Skjærstad;240
Skjærvik;320
Skjæveland;1 191
Skjølberg;236
Skjønberg;220
Skjønhaug;438
Skjørestad;330
Skog;997
Skoge;302
Skogen;1 402
Skogheim;819
Skogland;374
Skogli;650
Skoglund;2 113
Skogly;426
Skogmo;433
Skogseth;387
Skogsrud;244
Skogstad;1 199
Skogvold;269
Skogvoll;224
Skomedal;228
Skorpen;462
Skorstad;374
Skotnes;298
Skotte;232
Skovly;271
Skram;256
Skramstad;251
Skrede;614
Skretteberg;257
Skretting;928
Skrettingland;200
Skråmestø;265
Skuland;217
Skullerud;311
Skulstad;580
Skurdal;209
Skutle;213
Skøien;223
Skålevik;238
Skår;1 389
Skårdal;252
Skåre;259
Skårland;231
Sleire;274
Sletner;303
Sletta;366
Slette;261
Slettebø;449
Slettedal;217
Sletten;2 054
Slettum;234
Sletvold;516
Sleveland;205
Slinning;345
Slyngstad;269
Slåen;339
Slåtten;288
Smeby;383
Smedsrud;636
Smedstad;203
Smeland;212
Smestad;624
Smistad;248
Smith;1 987
Smørdal;267
Sneve;243
Sogn;290
Sola;417
Solbakk;434
Solbakken;2 615
Solberg;9 556
Solbu;206
Soldal;358
Solem;1 908
Soleng;370
Solevåg;237
Solgård;204
Solhaug;1 598
Solheim;6 871
Solli;2 846
Sollid;606
Sollie;1 001
Sollien;514
Solomon;316
Solstad;1 202
Solstrand;260
Solsvik;498
Soltvedt;558
Soltveit;235
Solum;909
Solvang;2 566
Solvik;465
Solvoll;302
Solås;542
Soma;316
Somby;221
Sommer;535
Sommerseth;528
Sommerstad;363
Sommervold;243
Sortland;619
Sparby;267
Sperre;346
Spilde;200
Sporsheim;312
Stabell;475
Stadheim;327
Staff;267
Stalsberg;.
Stamnes;513
Standal;975
Stang;654
Stange;406
Stangeland;1 504
Starheim;233
Stav;308
Stava;400
Stave;449
Stavem;.
Staven;237
Stavenes;216
Stavik;333
Stavland;271
Stavnes;247
Stavrum;332
Steen;3 125
Steffensen;1 404
Stein;415
Steindal;218
Steine;794
Steinnes;528
Steinsland;1 165
Steinsvik;607
Steiro;389
Stenberg;1 753
Stendal;326
Stene;2 141
Stenersen;1 342
Stenerud;296
Stenhaug;510
Stensby;528
Stensen;512
Stenseth;1 021
Stensland;1 169
Stensrud;1 949
Stenstad;214
Stensvold;315
Stenvik;273
Stephansen;238
Stiansen;519
Stien;656
Stigen;377
Stjern;310
Stokka;805
Stokkan;244
Stokke;2 462
Stokkeland;755
Stokken;234
Stokkenes;225
Stokland;261
Stokstad;263
Storaker;202
Stordahl;268
Stordal;392
Storebø;422
Storeide;230
Storesund;430
Storhaug;908
Storheim;266
Storli;795
Storm;427
Stormark;223
Stormo;754
Stormoen;263
Stornes;435
Storsve;212
Storsveen;633
Storvik;949
Storøy;409
Storås;310
Strand;9 686
Strandberg;237
Strande;524
Stranden;528
Strandheim;265
Straume;894
Stray;378
Strøm;4 284
Strømberg;320
Strømland;204
Strømme;1 196
Strømmen;1 215
Strømnes;351
Strømsnes;789
Strømstad;393
Strømsvåg;225
Stubberud;737
Stuen;200
Sture;355
Styve;267
Støa;304
Støen;436
Stølan;363
Støle;619
Stølen;907
Størdal;240
Størkersen;238
Størksen;235
Størseth;502
Støylen;354
Stålesen;275
Suhr;215
Sulaiman;234
Suleiman;272
Sulen;207
Sumstad;.
Sund;1 737
Sundal;969
Sundberg;472
Sundby;1 244
Sunde;3 637
Sundet;677
Sundfær;214
Sundgot;223
Sundland;207
Sundli;295
Sundnes;287
Sundseth;279
Sundstrøm;.
Sundt;755
Surdal;205
Svanberg;247
Svanes;289
Svanevik;221
Svardal;321
Svarstad;598
Sveberg;207
Svee;206
Sveen;2 602
Svela;366
Svellingen;205
Svendsen;9 298
Svendsrud;293
Svenkerud;235
Svenning;484
Svenningsen;412
Svensen;944
Svensli;329
Svensson;1 067
Sverdrup;412
Sveum;609
Sviggum;214
Svihus;234
Sviland;235
Svindland;352
Svingen;352
Sværen;257
Syed;292
Sylta;242
Sylte;613
Synnes;317
Synnevåg;211
Syrstad;448
Systad;239
Syversen;2 319
Syvertsen;1 732
Sæbø;1 151
Sæland;208
Sæle;815
Sælen;238
Sæter;1 037
Sæterbø;284
Sæterdal;304
Sætermo;229
Sæternes;275
Sæther;5 699
Sæthre;886
Sætra;218
Sætran;281
Sætre;3 114
Sætren;256
Sævareid;328
Sæverud;239
Sævik;537
Søberg;771
Søbstad;269
Sødal;363
Søderholm;218
Søfteland;307
Søgaard;284
Søgård;264
Søiland;309
Sølvberg;373
Sømme;441
Sønderland;207
Sønsteby;381
Sønstebø;.
Sønsterud;246
Sørby;532
Sørbø;616
Sørdal;503
Søreide;696
Søreng;642
Sørensen;10 129
Sørgård;629
Sørhaug;383
Sørheim;992
Sørhus;318
Sørland;276
Sørli;1 458
Sørlie;2 301
Sørmo;259
Sørnes;373
Sørum;1 389
Sørvik;616
Søvik;1 158
Søyland;784
Tafjord;451
Tahir;370
Takle;268
Taksdal;270
Takvam;244
Talberg;213
Tallaksen;362
Tandberg;1 036
Tande;331
Tandstad;.
Tang;223
Tangen;4 308
Tangstad;385
Taraldsen;506
Taranger;270
Tariq;246
Taule;449
Taylor;290
Teien;308
Teig;.
Teige;490
Teigen;2 215
Teigland;702
Tekle;543
Telle;457
Tellefsen;848
Tengesdal;512
Tennfjord;203
Tenold;203
Terjesen;539
Tesdal;233
Tesfamariam;237
Tesfamichael;227
Tesfay;524
Tessem;227
Tetlie;311
Tewelde;420
Tharaldsen;521
Theodorsen;452
Thingstad;.
Thoen;255
Thomas;459
Thomassen;5 550
Thommesen;301
Thompson;361
Thomsen;1 101
Thon;557
Thorbjørnsen;1 404
Thoresen;3 416
Thorgersen;224
Thorkildsen;1 079
Thorsen;4 677
Thorshaug;226
Thorsrud;359
Thorstensen;1 446
Thorsø;242
Thorud;258
Thorvaldsen;1 505
Thrane;266
Throndsen;218
Thu;446
Thue;561
Thuen;230
Thune;614
Thunes;292
Thygesen;302
Thøgersen;368
Tidemann;297
Tiller;551
Titlestad;.
Tjelle;255
Tjelta;554
Tjemsland;342
Tjessem;286
Tjore;.
Tjørhom;215
Tjøstheim;374
Tjøsvoll;262
Tjøtta;.
Tobiassen;1 178
Todal;240
Todnem;267
Toft;929
Tofte;568
Tokerud;222
Tokle;254
Tollefsen;2 209
Tolo;208
Tomren;420
Tomter;346
Tonheim;302
Tonning;435
Tonstad;.
Torbergsen;319
Torbjørnsen;374
Toresen;220
Torgersen;3 489
Torheim;340
Torjussen;418
Torkelsen;500
Torkildsen;682
Torland;280
Tornes;345
Torp;2 147
Torset;319
Torsteinsen;200
Torstensen;404
Torsvik;1 019
Torvik;633
Torvund;422
Totland;970
Toverud;201
Tran;3 214
Trana;240
Trengereid;272
Trinh;228
Trondsen;920
Trones;416
Tronrud;244
Tronstad;825
Trulsen;270
Truong;461
Trydal;296
Tryggestad;202
Træet;246
Trøan;334
Trøen;456
Trønnes;285
Tsegay;336
Tuft;204
Tufte;546
Tufteland;200
Tungland;279
Tunheim;400
Turøy;455
Tvedt;1 907
Tvedten;209
Tveit;4 019
Tveita;362
Tveitan;358
Tveite;280
Tveiten;1 171
Tveito;491
Tvenge;.
Tverberg;233
Tverå;.
Tvete;325
Tveten;455
Tveter;713
Tyldum;236
Tysnes;255
Tysse;454
Tøllefsen;319
Tømmervik;.
Tømmerås;420
Tømte;347
Tøndel;297
Tønder;305
Tønnesen;955
Tønnessen;2 011
Tønsberg;242
Tøsse;217
Ueland;1 085
Ugelstad;204
Ugland;452
Ulland;220
Ulleberg;265
Ullestad;211
Ulriksen;841
Ulset;239
Ulseth;379
Ulstein;538
Ulven;323
Ulvestad;674
Ulvik;243
Ulvin;208
Ulvund;270
Underhaug;230
Undheim;1 000
Undrum;238
Unhjem;224
Unneland;.
Urdal;598
Urke;451
Ursin;225
Urstad;212
Usman;266
Ustad;311
Utgård;238
Uthaug;236
Utheim;340
Uthus;235
Utne;654
Utnes;.
Utsi;357
Utvik;279
Vaa;233
Vaage;544
Vabø;423
Vadseth;214
Vagle;432
Vaksdal;227
Valberg;285
Valde;230
Valderhaug;527
Valen;806
Valla;243
Valland;262
Valle;844
Vallestad;320
Valseth;274
Valstad;468
Valvik;291
Valø;245
Vang;678
Vangen;1 337
Vangsnes;431
Vanvik;222
Varhaug;439
Vartdal;472
Vassbotn;369
Vassdal;252
Vatland;635
Vatle;280
Vatn;341
Vatne;1 555
Vea;431
Vedal;340
Vedvik;850
Vedøy;321
Vedå;294
Vegsund;229
Veiby;230
Veivåg;212
Veland;586
Velde;378
Velle;331
Venås;442
Vervik;218
Vestad;445
Vestby;557
Vestbø;410
Vestli;630
Vestly;253
Vestnes;249
Vestre;600
Vestrheim;248
Vestvik;380
Vestøl;235
Vetrhus;246
Veum;355
Vevang;212
Vevle;255
Viddal;250
Vie;350
Vigdal;370
Vigre;402
Vik;4 964
Vika;368
Vikan;825
Vikane;216
Vikanes;263
Vike;339
Viken;2 188
Vikene;201
Vikse;513
Vikøren;278
Vilhelmsen;204
Villanger;281
Vindenes;580
Vinje;1 184
Visnes;290
Vist;270
Viste;395
Vistnes;337
Vo;743
Vogt;314
Vold;1 873
Volden;1 304
Voldsund;327
Voll;951
Vollan;771
Volle;224
Vollen;320
Vonheim;263
Vorland;285
Vu;723
Værnes;395
Våga;256
Våge;1 321
Vågen;985
Vågenes;413
Vårdal;413
Waage;1 642
Waaler;491
Wagner;269
Wahl;909
Wahlberg;201
Wahlstrøm;228
Walberg;232
Walde;226
Walderhaug;380
Walle;781
Wallin;414
Walseth;254
Walstad;324
Wang;2 516
Wangberg;302
Wangen;882
Wanvik;200
Warholm;256
Warsame;479
Wathne;712
Weber;241
Weberg;217
Weiseth;282
Welde;296
Welle;219
Wennberg;302
Wergeland;677
Werner;611
Wessel;555
Westad;470
Westberg;254
Westby;1 005
Westbye;463
Westerheim;255
Westerlund;254
Westgaard;618
Westgård;512
Westlie;274
Westrum;340
Wetteland;224
Weum;229
Wibe;258
Wiborg;298
Wickstrøm;237
Wie;217
Wien;329
Wiggen;458
Wiig;1 288
Wiik;2 449
Wik;932
Wiken;272
Wiker;208
Wiklund;266
Wikstrøm;211
Wilberg;436
Wilhelmsen;3 162
Willassen;290
Wille;247
Williams;488
Willumsen;546
Wilson;559
Winge;429
Winger;208
Winje;304
Winsnes;385
Winther;1 323
Wisløff;244
Wisniewski;236
Wist;228
Wisth;236
With;342
Wojcik;332
Wold;3 288
Wolden;475
Woldseth;223
Wolff;265
Woll;359
Wollan;247
Wong;244
Worren;301
Wozniak;233
Wright;299
Wroldsen;289
Wu;280
Wulff;295
Wærnes;324
Wøien;209
Xu;270
Yang;306
Yasin;221
Yemane;267
Yildirim;292
Yildiz;328
Yilmaz;343
Yndestad;395
Yohannes;325
Young;227
Yousef;278
Yri;217
Ytreland;324
Ytterstad;243
Yttervik;262
Yu;205
Yusuf;918
Zachariassen;598
Zahl;398
Zakariassen;412
Zhang;663
Zielinski;241
Zimmermann;296
Ødegaard;2 360
Ødegård;4 258
Ødegården;310
Øen;771
Øglænd;313
Øie;579
Øien;2 203
Øiestad;250
Øiseth;227
Økland;1 425
Øksendal;229
Øksnes;491
Ølberg;220
Ølmheim;216
Ørbeck;211
Øren;735
Ørmen;202
Østberg;385
Østby;1 909
Østbye;486
Østbø;489
Østebø;458
Østensen;935
Østenstad;207
Østerbø;324
Østerhus;526
Østerud;248
Østervold;218
Østerås;318
Østgaard;296
Østgård;595
Østhus;484
Østli;587
Østlie;366
Østlund;.
Østmo;315
Østrem;976
Østreng;208
Østvik;353
Østvold;488
Øverby;940
Øverbø;287
Øvereng;275
Øvergaard;293
Øvergård;560
Øverland;1 542
Øverli;558
Øverås;616
Øvland;203
Øvrebø;1 126
Øvrelid;259
Øvretveit;337
Øvrevik;.
Øvstebø;263
Øvstedal;248
Øvsthus;270
Øwre;296
Øyan;268
Øye;967
Øyen;1 322
Øygard;449
Øygarden;814
Øynes;205
Ådland;326
Åkre;250
Åmodt;200
Ånensen;255
Ånestad;254
Årdal;431
Årnes;285
Årseth;262
Årvik;289
Ås;240
Åsebø;216
Åsen;606
Åsheim;930
Åsland;351